timestamp_iso,timestamp_unix,block_number,gas_used,gas_mgas,tx_count,block_interval_ms,gas_per_second_mgas,tps,anomalies
2026-01-22T00:01:40Z,1769040100,6243089,12488600,12.49,22,1000.0,0.12,0.22,"GAS_DROP, TPS_DROP"
2026-01-22T00:03:20Z,1769040200,6243189,6663021,6.66,21,1000.0,0.07,0.21,"GAS_DROP, TPS_DROP"
2026-01-22T00:05:00Z,1769040300,6243289,6663659,6.66,21,1000.0,0.07,0.21,"GAS_DROP, TPS_DROP"
2026-01-22T00:06:40Z,1769040400,6243389,6662554,6.66,21,1000.0,0.07,0.21,"GAS_DROP, TPS_DROP"
2026-01-22T00:08:20Z,1769040500,6243489,6662990,6.66,21,1000.0,0.07,0.21,"GAS_DROP, TPS_DROP"
2026-01-22T00:10:00Z,1769040600,6243589,6662973,6.66,21,1000.0,0.07,0.21,"GAS_DROP, TPS_DROP"
2026-01-22T00:11:40Z,1769040700,6243689,12492149,12.49,22,1000.0,0.12,0.22,"GAS_DROP, TPS_DROP"
2026-01-22T00:13:20Z,1769040800,6243789,6662506,6.66,21,1000.0,0.07,0.21,"GAS_DROP, TPS_DROP"
2026-01-22T00:15:00Z,1769040900,6243889,6663445,6.66,21,1000.0,0.07,0.21,"GAS_DROP, TPS_DROP"
2026-01-22T00:16:40Z,1769041000,6243989,12496195,12.5,22,1000.0,0.12,0.22,"GAS_DROP, TPS_DROP"
2026-01-22T00:18:20Z,1769041100,6244089,6662589,6.66,21,1000.0,0.07,0.21,"GAS_DROP, TPS_DROP"
2026-01-22T00:20:00Z,1769041200,6244189,6660284,6.66,21,1000.0,0.07,0.21,"GAS_DROP, TPS_DROP"
2026-01-22T00:21:40Z,1769041300,6244289,6663269,6.66,21,1000.0,0.07,0.21,"GAS_DROP, TPS_DROP"
2026-01-22T00:23:20Z,1769041400,6244389,6670774,6.67,21,1000.0,0.07,0.21,"GAS_DROP, TPS_DROP"
2026-01-22T00:25:00Z,1769041500,6244489,6662393,6.66,21,1000.0,0.07,0.21,"GAS_DROP, TPS_DROP"
2026-01-22T00:26:40Z,1769041600,6244589,6663135,6.66,21,1000.0,0.07,0.21,"GAS_DROP, TPS_DROP"
2026-01-22T00:28:20Z,1769041700,6244689,6663565,6.66,21,1000.0,0.07,0.21,"GAS_DROP, TPS_DROP"
2026-01-22T00:30:00Z,1769041800,6244789,6662757,6.66,21,1000.0,0.07,0.21,"GAS_DROP, TPS_DROP"
2026-01-22T00:31:40Z,1769041900,6244889,6662234,6.66,21,1000.0,0.07,0.21,"GAS_DROP, TPS_DROP"
2026-01-22T00:33:20Z,1769042000,6244989,6661811,6.66,21,1000.0,0.07,0.21,"GAS_DROP, TPS_DROP"
2026-01-22T00:35:00Z,1769042100,6245089,6663897,6.66,21,1000.0,0.07,0.21,"GAS_DROP, TPS_DROP"
2026-01-22T00:36:40Z,1769042200,6245189,6663162,6.66,21,1000.0,0.07,0.21,"GAS_DROP, TPS_DROP"
2026-01-22T00:38:20Z,1769042300,6245289,6662971,6.66,21,1000.0,0.07,0.21,"GAS_DROP, TPS_DROP"
2026-01-22T00:40:00Z,1769042400,6245389,6662136,6.66,21,1000.0,0.07,0.21,"GAS_DROP, TPS_DROP"
2026-01-22T00:41:40Z,1769042500,6245489,6663618,6.66,21,1000.0,0.07,0.21,"GAS_DROP, TPS_DROP"
2026-01-22T00:43:20Z,1769042600,6245589,6662714,6.66,21,1000.0,0.07,0.21,"GAS_DROP, TPS_DROP"
2026-01-22T00:45:00Z,1769042700,6245689,6661449,6.66,21,1000.0,0.07,0.21,"GAS_DROP, TPS_DROP"
2026-01-22T00:46:40Z,1769042800,6245789,6662155,6.66,21,1000.0,0.07,0.21,"GAS_DROP, TPS_DROP"
2026-01-22T00:48:20Z,1769042900,6245889,6662198,6.66,21,1000.0,0.07,0.21,"GAS_DROP, TPS_DROP"
2026-01-22T00:50:00Z,1769043000,6245989,6662556,6.66,21,1000.0,0.07,0.21,"GAS_DROP, TPS_DROP"
2026-01-22T00:51:40Z,1769043100,6246089,6662686,6.66,21,1000.0,0.07,0.21,"GAS_DROP, TPS_DROP"
2026-01-22T00:53:20Z,1769043200,6246189,6662222,6.66,21,1000.0,0.07,0.21,"GAS_DROP, TPS_DROP"
2026-01-22T00:55:00Z,1769043300,6246289,6668631,6.67,21,1000.0,0.07,0.21,"GAS_DROP, TPS_DROP"
2026-01-22T00:56:40Z,1769043400,6246389,6663477,6.66,21,1000.0,0.07,0.21,"GAS_DROP, TPS_DROP"
2026-01-22T00:58:20Z,1769043500,6246489,6662816,6.66,21,1000.0,0.07,0.21,"GAS_DROP, TPS_DROP"
2026-01-22T01:00:00Z,1769043600,6246589,12551673,12.55,22,1000.0,0.13,0.22,"GAS_DROP, TPS_DROP"
2026-01-22T01:01:40Z,1769043700,6246689,6672489,6.67,21,1000.0,0.07,0.21,"GAS_DROP, TPS_DROP"
2026-01-22T01:03:20Z,1769043800,6246789,7038370,7.04,23,1000.0,0.07,0.23,"GAS_DROP, TPS_DROP"
2026-01-22T01:05:00Z,1769043900,6246889,12551454,12.55,22,1000.0,0.13,0.22,"GAS_DROP, TPS_DROP"
2026-01-22T01:06:40Z,1769044000,6246989,6664248,6.66,21,1000.0,0.07,0.21,"GAS_DROP, TPS_DROP"
2026-01-22T01:08:20Z,1769044100,6247089,6663693,6.66,21,1000.0,0.07,0.21,"GAS_DROP, TPS_DROP"
2026-01-22T01:10:00Z,1769044200,6247189,12548402,12.55,22,1000.0,0.13,0.22,"GAS_DROP, TPS_DROP"
2026-01-22T01:11:40Z,1769044300,6247289,6664020,6.66,21,1000.0,0.07,0.21,"GAS_DROP, TPS_DROP"
2026-01-22T01:13:20Z,1769044400,6247389,6663637,6.66,21,1000.0,0.07,0.21,"GAS_DROP, TPS_DROP"
2026-01-22T01:15:00Z,1769044500,6247489,12551664,12.55,22,1000.0,0.13,0.22,"GAS_DROP, TPS_DROP"
2026-01-22T01:16:40Z,1769044600,6247589,6663123,6.66,21,1000.0,0.07,0.21,"GAS_DROP, TPS_DROP"
2026-01-22T01:18:20Z,1769044700,6247689,6662652,6.66,21,1000.0,0.07,0.21,"GAS_DROP, TPS_DROP"
2026-01-22T01:20:00Z,1769044800,6247789,6664796,6.66,21,1000.0,0.07,0.21,"GAS_DROP, TPS_DROP"
2026-01-22T01:21:40Z,1769044900,6247889,6664399,6.66,21,1000.0,0.07,0.21,"GAS_DROP, TPS_DROP"
2026-01-22T01:23:20Z,1769045000,6247989,6664119,6.66,21,1000.0,0.07,0.21,"GAS_DROP, TPS_DROP"
2026-01-22T01:25:00Z,1769045100,6248089,6664281,6.66,21,1000.0,0.07,0.21,"GAS_DROP, TPS_DROP"
2026-01-22T01:26:40Z,1769045200,6248189,6663652,6.66,21,1000.0,0.07,0.21,"GAS_DROP, TPS_DROP"
2026-01-22T01:28:20Z,1769045300,6248289,6664045,6.66,21,1000.0,0.07,0.21,"GAS_DROP, TPS_DROP"
2026-01-22T01:30:00Z,1769045400,6248389,6663478,6.66,21,1000.0,0.07,0.21,"GAS_DROP, TPS_DROP"
2026-01-22T01:31:40Z,1769045500,6248489,6747395,6.75,22,1000.0,0.07,0.22,"GAS_DROP, TPS_DROP"
2026-01-22T01:33:20Z,1769045600,6248589,6672466,6.67,21,1000.0,0.07,0.21,"GAS_DROP, TPS_DROP"
2026-01-22T01:35:00Z,1769045700,6248689,6664134,6.66,21,1000.0,0.07,0.21,"GAS_DROP, TPS_DROP"
2026-01-22T01:36:40Z,1769045800,6248789,6662301,6.66,21,1000.0,0.07,0.21,"GAS_DROP, TPS_DROP"
2026-01-22T01:38:20Z,1769045900,6248889,6977469,6.98,22,1000.0,0.07,0.22,"GAS_DROP, TPS_DROP"
2026-01-22T01:40:00Z,1769046000,6248989,6672144,6.67,21,1000.0,0.07,0.21,"GAS_DROP, TPS_DROP"
2026-01-22T01:41:40Z,1769046100,6249089,7133995,7.13,23,1000.0,0.07,0.23,"GAS_DROP, TPS_DROP"
2026-01-22T01:43:20Z,1769046200,6249189,6662498,6.66,21,1000.0,0.07,0.21,"GAS_DROP, TPS_DROP"
2026-01-22T01:45:00Z,1769046300,6249289,6662328,6.66,21,1000.0,0.07,0.21,"GAS_DROP, TPS_DROP"
2026-01-22T01:46:40Z,1769046400,6249389,6663079,6.66,21,1000.0,0.07,0.21,"GAS_DROP, TPS_DROP"
2026-01-22T01:48:20Z,1769046500,6249489,6661779,6.66,21,1000.0,0.07,0.21,"GAS_DROP, TPS_DROP"
2026-01-22T01:50:00Z,1769046600,6249589,6662906,6.66,21,1000.0,0.07,0.21,"GAS_DROP, TPS_DROP"
2026-01-22T01:51:40Z,1769046700,6249689,6662192,6.66,21,1000.0,0.07,0.21,"GAS_DROP, TPS_DROP"
2026-01-22T01:53:20Z,1769046800,6249789,6662946,6.66,21,1000.0,0.07,0.21,"GAS_DROP, TPS_DROP"
2026-01-22T01:55:00Z,1769046900,6249889,6662502,6.66,21,1000.0,0.07,0.21,"GAS_DROP, TPS_DROP"
2026-01-22T01:56:40Z,1769047000,6249989,6662130,6.66,21,1000.0,0.07,0.21,"GAS_DROP, TPS_DROP"
2026-01-22T01:58:20Z,1769047100,6250089,6662693,6.66,21,1000.0,0.07,0.21,"GAS_DROP, TPS_DROP"
2026-01-22T02:00:00Z,1769047200,6250189,6662315,6.66,21,1000.0,0.07,0.21,"GAS_DROP, TPS_DROP"
2026-01-22T02:01:40Z,1769047300,6250289,7306266,7.31,23,1000.0,0.07,0.23,"GAS_DROP, TPS_DROP"
2026-01-22T02:03:20Z,1769047400,6250389,6662450,6.66,21,1000.0,0.07,0.21,"GAS_DROP, TPS_DROP"
2026-01-22T02:05:00Z,1769047500,6250489,6666592,6.67,21,1000.0,0.07,0.21,"GAS_DROP, TPS_DROP"
2026-01-22T02:06:40Z,1769047600,6250589,6665643,6.67,21,1000.0,0.07,0.21,"GAS_DROP, TPS_DROP"
2026-01-22T02:08:20Z,1769047700,6250689,6666891,6.67,21,1000.0,0.07,0.21,"GAS_DROP, TPS_DROP"
2026-01-22T02:10:00Z,1769047800,6250789,6665209,6.67,21,1000.0,0.07,0.21,"GAS_DROP, TPS_DROP"
2026-01-22T02:11:40Z,1769047900,6250889,6678190,6.68,21,1000.0,0.07,0.21,"GAS_DROP, TPS_DROP"
2026-01-22T02:13:20Z,1769048000,6250989,6662132,6.66,21,1000.0,0.07,0.21,"GAS_DROP, TPS_DROP"
2026-01-22T02:15:00Z,1769048100,6251089,6663146,6.66,21,1000.0,0.07,0.21,"GAS_DROP, TPS_DROP"
2026-01-22T02:16:40Z,1769048200,6251189,6663336,6.66,21,1000.0,0.07,0.21,"GAS_DROP, TPS_DROP"
2026-01-22T02:18:20Z,1769048300,6251289,6670988,6.67,21,1000.0,0.07,0.21,"GAS_DROP, TPS_DROP"
2026-01-22T02:20:00Z,1769048400,6251389,6662678,6.66,21,1000.0,0.07,0.21,"GAS_DROP, TPS_DROP"
2026-01-22T02:21:40Z,1769048500,6251489,6665235,6.67,21,1000.0,0.07,0.21,"GAS_DROP, TPS_DROP"
2026-01-22T02:23:20Z,1769048600,6251589,6665613,6.67,21,1000.0,0.07,0.21,"GAS_DROP, TPS_DROP"
2026-01-22T02:25:00Z,1769048700,6251689,7327760,7.33,23,1000.0,0.07,0.23,"GAS_DROP, TPS_DROP"
2026-01-22T02:26:40Z,1769048800,6251789,6665557,6.67,21,1000.0,0.07,0.21,"GAS_DROP, TPS_DROP"
2026-01-22T02:28:20Z,1769048900,6251889,6665562,6.67,21,1000.0,0.07,0.21,"GAS_DROP, TPS_DROP"
2026-01-22T02:30:00Z,1769049000,6251989,6662724,6.66,21,1000.0,0.07,0.21,"GAS_DROP, TPS_DROP"
2026-01-22T02:31:40Z,1769049100,6252089,6663190,6.66,21,1000.0,0.07,0.21,"GAS_DROP, TPS_DROP"
2026-01-22T02:33:20Z,1769049200,6252189,6662856,6.66,21,1000.0,0.07,0.21,"GAS_DROP, TPS_DROP"
2026-01-22T02:35:00Z,1769049300,6252289,6663155,6.66,21,1000.0,0.07,0.21,"GAS_DROP, TPS_DROP"
2026-01-22T02:36:40Z,1769049400,6252389,6662363,6.66,21,1000.0,0.07,0.21,"GAS_DROP, TPS_DROP"
2026-01-22T02:38:20Z,1769049500,6252489,6662343,6.66,21,1000.0,0.07,0.21,"GAS_DROP, TPS_DROP"
2026-01-22T02:40:00Z,1769049600,6252589,6662258,6.66,21,1000.0,0.07,0.21,"GAS_DROP, TPS_DROP"
2026-01-22T02:41:40Z,1769049700,6252689,6721437,6.72,22,1000.0,0.07,0.22,"GAS_DROP, TPS_DROP"
2026-01-22T02:43:20Z,1769049800,6252789,6660992,6.66,21,1000.0,0.07,0.21,"GAS_DROP, TPS_DROP"
2026-01-22T02:45:00Z,1769049900,6252889,6722997,6.72,22,1000.0,0.07,0.22,"GAS_DROP, TPS_DROP"
2026-01-22T02:46:40Z,1769050000,6252989,6663223,6.66,21,1000.0,0.07,0.21,"GAS_DROP, TPS_DROP"
2026-01-22T02:48:20Z,1769050100,6253089,6663534,6.66,21,1000.0,0.07,0.21,"GAS_DROP, TPS_DROP"
2026-01-22T02:50:00Z,1769050200,6253189,6663071,6.66,21,1000.0,0.07,0.21,"GAS_DROP, TPS_DROP"
2026-01-22T02:51:40Z,1769050300,6253289,6662474,6.66,21,1000.0,0.07,0.21,"GAS_DROP, TPS_DROP"
2026-01-22T02:53:20Z,1769050400,6253389,6662787,6.66,21,1000.0,0.07,0.21,"GAS_DROP, TPS_DROP"
2026-01-22T02:55:00Z,1769050500,6253489,6663250,6.66,21,1000.0,0.07,0.21,"GAS_DROP, TPS_DROP"
2026-01-22T02:56:40Z,1769050600,6253589,6671787,6.67,21,1000.0,0.07,0.21,"GAS_DROP, TPS_DROP"
2026-01-22T02:58:20Z,1769050700,6253689,6661719,6.66,21,1000.0,0.07,0.21,"GAS_DROP, TPS_DROP"
2026-01-22T03:00:00Z,1769050800,6253789,6663243,6.66,21,1000.0,0.07,0.21,"GAS_DROP, TPS_DROP"
2026-01-22T03:01:40Z,1769050900,6253889,6662424,6.66,21,1000.0,0.07,0.21,"GAS_DROP, TPS_DROP"
2026-01-22T03:03:20Z,1769051000,6253989,6670849,6.67,21,1000.0,0.07,0.21,"GAS_DROP, TPS_DROP"
2026-01-22T03:05:00Z,1769051100,6254089,6662568,6.66,21,1000.0,0.07,0.21,"GAS_DROP, TPS_DROP"
2026-01-22T03:06:40Z,1769051200,6254189,6662425,6.66,21,1000.0,0.07,0.21,"GAS_DROP, TPS_DROP"
2026-01-22T03:08:20Z,1769051300,6254289,6662600,6.66,21,1000.0,0.07,0.21,"GAS_DROP, TPS_DROP"
2026-01-22T03:10:00Z,1769051400,6254389,6661776,6.66,21,1000.0,0.07,0.21,"GAS_DROP, TPS_DROP"
2026-01-22T03:11:40Z,1769051500,6254489,6662866,6.66,21,1000.0,0.07,0.21,"GAS_DROP, TPS_DROP"
2026-01-22T03:13:20Z,1769051600,6254589,6662658,6.66,21,1000.0,0.07,0.21,"GAS_DROP, TPS_DROP"
2026-01-22T03:15:00Z,1769051700,6254689,6662535,6.66,21,1000.0,0.07,0.21,"GAS_DROP, TPS_DROP"
2026-01-22T03:16:40Z,1769051800,6254789,6662734,6.66,21,1000.0,0.07,0.21,"GAS_DROP, TPS_DROP"
2026-01-22T03:18:20Z,1769051900,6254889,6662455,6.66,21,1000.0,0.07,0.21,"GAS_DROP, TPS_DROP"
2026-01-22T03:20:00Z,1769052000,6254989,6662243,6.66,21,1000.0,0.07,0.21,"GAS_DROP, TPS_DROP"
2026-01-22T03:21:40Z,1769052100,6255089,6662055,6.66,21,1000.0,0.07,0.21,"GAS_DROP, TPS_DROP"
2026-01-22T03:23:20Z,1769052200,6255189,6664068,6.66,21,1000.0,0.07,0.21,"GAS_DROP, TPS_DROP"
2026-01-22T03:25:00Z,1769052300,6255289,6662454,6.66,21,1000.0,0.07,0.21,"GAS_DROP, TPS_DROP"
2026-01-22T03:26:40Z,1769052400,6255389,6662492,6.66,21,1000.0,0.07,0.21,"GAS_DROP, TPS_DROP"
2026-01-22T03:28:20Z,1769052500,6255489,6664508,6.66,21,1000.0,0.07,0.21,"GAS_DROP, TPS_DROP"
2026-01-22T03:30:00Z,1769052600,6255589,6665221,6.67,21,1000.0,0.07,0.21,"GAS_DROP, TPS_DROP"
2026-01-22T03:31:40Z,1769052700,6255689,6662567,6.66,21,1000.0,0.07,0.21,"GAS_DROP, TPS_DROP"
2026-01-22T03:33:20Z,1769052800,6255789,6664114,6.66,21,1000.0,0.07,0.21,"GAS_DROP, TPS_DROP"
2026-01-22T03:35:00Z,1769052900,6255889,6672371,6.67,21,1000.0,0.07,0.21,"GAS_DROP, TPS_DROP"
2026-01-22T03:36:40Z,1769053000,6255989,6664916,6.66,21,1000.0,0.07,0.21,"GAS_DROP, TPS_DROP"
2026-01-22T03:38:20Z,1769053100,6256089,6664940,6.66,21,1000.0,0.07,0.21,"GAS_DROP, TPS_DROP"
2026-01-22T03:40:00Z,1769053200,6256189,6664047,6.66,21,1000.0,0.07,0.21,"GAS_DROP, TPS_DROP"
2026-01-22T03:41:40Z,1769053300,6256289,6672179,6.67,21,1000.0,0.07,0.21,"GAS_DROP, TPS_DROP"
2026-01-22T03:43:20Z,1769053400,6256389,6664005,6.66,21,1000.0,0.07,0.21,"GAS_DROP, TPS_DROP"
2026-01-22T03:45:00Z,1769053500,6256489,6663639,6.66,21,1000.0,0.07,0.21,"GAS_DROP, TPS_DROP"
2026-01-22T03:46:40Z,1769053600,6256589,6664117,6.66,21,1000.0,0.07,0.21,"GAS_DROP, TPS_DROP"
2026-01-22T03:48:20Z,1769053700,6256689,6664448,6.66,21,1000.0,0.07,0.21,"GAS_DROP, TPS_DROP"
2026-01-22T03:50:00Z,1769053800,6256789,6664091,6.66,21,1000.0,0.07,0.21,"GAS_DROP, TPS_DROP"
2026-01-22T03:51:40Z,1769053900,6256889,6664075,6.66,21,1000.0,0.07,0.21,"GAS_DROP, TPS_DROP"
2026-01-22T03:53:20Z,1769054000,6256989,6664113,6.66,21,1000.0,0.07,0.21,"GAS_DROP, TPS_DROP"
2026-01-22T03:55:00Z,1769054100,6257089,6663616,6.66,21,1000.0,0.07,0.21,"GAS_DROP, TPS_DROP"
2026-01-22T03:56:40Z,1769054200,6257189,6663810,6.66,21,1000.0,0.07,0.21,"GAS_DROP, TPS_DROP"
2026-01-22T03:58:20Z,1769054300,6257289,6663779,6.66,21,1000.0,0.07,0.21,"GAS_DROP, TPS_DROP"
2026-01-22T04:00:00Z,1769054400,6257389,96857513,96.86,256,1000.0,0.97,2.56,"GAS_DROP, TPS_DROP"
2026-01-22T04:20:00Z,1769055600,6258589,257686046,257.69,3040,1000.0,2.58,30.4,"GAS_DROP, TPS_DROP"
2026-01-22T04:21:40Z,1769055700,6258689,371819792,371.82,4411,1000.0,3.72,44.11,GAS_DROP
2026-01-22T04:23:20Z,1769055800,6258789,231485304,231.49,1994,1000.0,2.31,19.94,"GAS_DROP, TPS_DROP"
2026-01-22T04:25:00Z,1769055900,6258889,185905739,185.91,1731,1000.0,1.86,17.31,"GAS_DROP, TPS_DROP"
2026-01-22T04:26:40Z,1769056000,6258989,195661157,195.66,1744,1000.0,1.96,17.44,"GAS_DROP, TPS_DROP"
2026-01-22T04:28:20Z,1769056100,6259089,161273258,161.27,1533,1000.0,1.61,15.33,"GAS_DROP, TPS_DROP"
2026-01-22T04:30:00Z,1769056200,6259189,221185462,221.19,2486,1000.0,2.21,24.86,"GAS_DROP, TPS_DROP"
2026-01-22T04:31:40Z,1769056300,6259289,122430755,122.43,1263,1000.0,1.22,12.63,"GAS_DROP, TPS_DROP"
2026-01-22T04:33:20Z,1769056400,6259389,114306962,114.31,1184,1000.0,1.14,11.84,"GAS_DROP, TPS_DROP"
2026-01-22T04:35:00Z,1769056500,6259489,115797571,115.8,1159,1000.0,1.16,11.59,"GAS_DROP, TPS_DROP"
2026-01-22T04:36:40Z,1769056600,6259589,120496026,120.5,1144,1000.0,1.2,11.44,"GAS_DROP, TPS_DROP"
2026-01-22T04:38:20Z,1769056700,6259689,117627788,117.63,1081,1000.0,1.18,10.81,"GAS_DROP, TPS_DROP"
2026-01-22T04:40:00Z,1769056800,6259789,94744651,94.74,910,1000.0,0.95,9.1,"GAS_DROP, TPS_DROP"
2026-01-22T04:41:40Z,1769056900,6259889,101661928,101.66,906,1000.0,1.02,9.06,"GAS_DROP, TPS_DROP"
2026-01-22T04:43:20Z,1769057000,6259989,140835924,140.84,1368,1000.0,1.41,13.68,"GAS_DROP, TPS_DROP"
2026-01-22T04:45:00Z,1769057100,6260089,114864605,114.86,1087,1000.0,1.15,10.87,"GAS_DROP, TPS_DROP"
2026-01-22T04:46:40Z,1769057200,6260189,147979938,147.98,1498,1000.0,1.48,14.98,"GAS_DROP, TPS_DROP"
2026-01-22T04:48:20Z,1769057300,6260289,95665847,95.67,561,1000.0,0.96,5.61,"GAS_DROP, TPS_DROP"
2026-01-22T04:50:00Z,1769057400,6260389,22442619,22.44,104,1000.0,0.22,1.04,"GAS_DROP, TPS_DROP"
2026-01-22T04:51:40Z,1769057500,6260489,6676078,6.68,21,1000.0,0.07,0.21,"GAS_DROP, TPS_DROP"
2026-01-22T04:53:20Z,1769057600,6260589,6664664,6.66,21,1000.0,0.07,0.21,"GAS_DROP, TPS_DROP"
2026-01-22T04:55:00Z,1769057700,6260689,6785434,6.79,22,1000.0,0.07,0.22,"GAS_DROP, TPS_DROP"
2026-01-22T04:56:40Z,1769057800,6260789,6664005,6.66,21,1000.0,0.07,0.21,"GAS_DROP, TPS_DROP"
2026-01-22T04:58:20Z,1769057900,6260889,6888027,6.89,22,1000.0,0.07,0.22,"GAS_DROP, TPS_DROP"
2026-01-22T05:00:00Z,1769058000,6260989,6662937,6.66,21,1000.0,0.07,0.21,"GAS_DROP, TPS_DROP"
2026-01-22T05:01:40Z,1769058100,6261089,6663548,6.66,21,1000.0,0.07,0.21,"GAS_DROP, TPS_DROP"
2026-01-22T05:03:20Z,1769058200,6261189,6662347,6.66,21,1000.0,0.07,0.21,"GAS_DROP, TPS_DROP"
2026-01-22T05:05:00Z,1769058300,6261289,6674107,6.67,21,1000.0,0.07,0.21,"GAS_DROP, TPS_DROP"
2026-01-22T05:06:40Z,1769058400,6261389,6663860,6.66,21,1000.0,0.07,0.21,"GAS_DROP, TPS_DROP"
2026-01-22T05:08:20Z,1769058500,6261489,6662931,6.66,21,1000.0,0.07,0.21,"GAS_DROP, TPS_DROP"
2026-01-22T05:10:00Z,1769058600,6261589,6665120,6.67,21,1000.0,0.07,0.21,"GAS_DROP, TPS_DROP"
2026-01-22T05:11:40Z,1769058700,6261689,6957851,6.96,24,1000.0,0.07,0.24,"GAS_DROP, TPS_DROP"
2026-01-22T05:13:20Z,1769058800,6261789,6662973,6.66,21,1000.0,0.07,0.21,"GAS_DROP, TPS_DROP"
2026-01-22T05:15:00Z,1769058900,6261889,6662448,6.66,21,1000.0,0.07,0.21,"GAS_DROP, TPS_DROP"
2026-01-22T05:16:40Z,1769059000,6261989,6662192,6.66,21,1000.0,0.07,0.21,"GAS_DROP, TPS_DROP"
2026-01-22T05:18:20Z,1769059100,6262089,6661964,6.66,21,1000.0,0.07,0.21,"GAS_DROP, TPS_DROP"
2026-01-22T05:20:00Z,1769059200,6262189,6662422,6.66,21,1000.0,0.07,0.21,"GAS_DROP, TPS_DROP"
2026-01-22T05:21:40Z,1769059300,6262289,6661891,6.66,21,1000.0,0.07,0.21,"GAS_DROP, TPS_DROP"
2026-01-22T05:23:20Z,1769059400,6262389,6661873,6.66,21,1000.0,0.07,0.21,"GAS_DROP, TPS_DROP"
2026-01-22T05:25:00Z,1769059500,6262489,6662427,6.66,21,1000.0,0.07,0.21,"GAS_DROP, TPS_DROP"
2026-01-22T05:26:40Z,1769059600,6262589,6662450,6.66,21,1000.0,0.07,0.21,"GAS_DROP, TPS_DROP"
2026-01-22T05:28:20Z,1769059700,6262689,6662750,6.66,21,1000.0,0.07,0.21,"GAS_DROP, TPS_DROP"
2026-01-22T05:30:00Z,1769059800,6262789,6662123,6.66,21,1000.0,0.07,0.21,"GAS_DROP, TPS_DROP"
2026-01-22T05:31:40Z,1769059900,6262889,6662229,6.66,21,1000.0,0.07,0.21,"GAS_DROP, TPS_DROP"
2026-01-22T05:33:20Z,1769060000,6262989,6661143,6.66,21,1000.0,0.07,0.21,"GAS_DROP, TPS_DROP"
2026-01-22T05:35:00Z,1769060100,6263089,6662351,6.66,21,1000.0,0.07,0.21,"GAS_DROP, TPS_DROP"
2026-01-22T05:36:40Z,1769060200,6263189,6670951,6.67,21,1000.0,0.07,0.21,"GAS_DROP, TPS_DROP"
2026-01-22T05:38:20Z,1769060300,6263289,6661187,6.66,21,1000.0,0.07,0.21,"GAS_DROP, TPS_DROP"
2026-01-22T05:40:00Z,1769060400,6263389,6662163,6.66,21,1000.0,0.07,0.21,"GAS_DROP, TPS_DROP"
2026-01-22T05:41:40Z,1769060500,6263489,6664132,6.66,21,1000.0,0.07,0.21,"GAS_DROP, TPS_DROP"
2026-01-22T05:43:20Z,1769060600,6263589,6674435,6.67,21,1000.0,0.07,0.21,"GAS_DROP, TPS_DROP"
2026-01-22T05:45:00Z,1769060700,6263689,6666842,6.67,21,1000.0,0.07,0.21,"GAS_DROP, TPS_DROP"
2026-01-22T05:46:40Z,1769060800,6263789,6666821,6.67,21,1000.0,0.07,0.21,"GAS_DROP, TPS_DROP"
2026-01-22T05:48:20Z,1769060900,6263889,6667237,6.67,21,1000.0,0.07,0.21,"GAS_DROP, TPS_DROP"
2026-01-22T05:50:00Z,1769061000,6263989,6667070,6.67,21,1000.0,0.07,0.21,"GAS_DROP, TPS_DROP"
2026-01-22T05:51:40Z,1769061100,6264089,6666718,6.67,21,1000.0,0.07,0.21,"GAS_DROP, TPS_DROP"
2026-01-22T05:53:20Z,1769061200,6264189,6667101,6.67,21,1000.0,0.07,0.21,"GAS_DROP, TPS_DROP"
2026-01-22T05:55:00Z,1769061300,6264289,6667162,6.67,21,1000.0,0.07,0.21,"GAS_DROP, TPS_DROP"
2026-01-22T05:56:40Z,1769061400,6264389,6666786,6.67,21,1000.0,0.07,0.21,"GAS_DROP, TPS_DROP"
2026-01-22T05:58:20Z,1769061500,6264489,6727257,6.73,22,1000.0,0.07,0.22,"GAS_DROP, TPS_DROP"
2026-01-22T06:00:00Z,1769061600,6264589,6666588,6.67,21,1000.0,0.07,0.21,"GAS_DROP, TPS_DROP"
2026-01-22T06:01:40Z,1769061700,6264689,6665540,6.67,21,1000.0,0.07,0.21,"GAS_DROP, TPS_DROP"
2026-01-22T06:03:20Z,1769061800,6264789,6665930,6.67,21,1000.0,0.07,0.21,"GAS_DROP, TPS_DROP"
2026-01-22T06:05:00Z,1769061900,6264889,6666820,6.67,21,1000.0,0.07,0.21,"GAS_DROP, TPS_DROP"
2026-01-22T06:06:40Z,1769062000,6264989,6662306,6.66,21,1000.0,0.07,0.21,"GAS_DROP, TPS_DROP"
2026-01-22T06:08:20Z,1769062100,6265089,6662341,6.66,21,1000.0,0.07,0.21,"GAS_DROP, TPS_DROP"
2026-01-22T06:10:00Z,1769062200,6265189,6662015,6.66,21,1000.0,0.07,0.21,"GAS_DROP, TPS_DROP"
2026-01-22T06:11:40Z,1769062300,6265289,6663782,6.66,21,1000.0,0.07,0.21,"GAS_DROP, TPS_DROP"
2026-01-22T06:13:20Z,1769062400,6265389,6662478,6.66,21,1000.0,0.07,0.21,"GAS_DROP, TPS_DROP"
2026-01-22T06:15:00Z,1769062500,6265489,6670746,6.67,21,1000.0,0.07,0.21,"GAS_DROP, TPS_DROP"
2026-01-22T06:16:40Z,1769062600,6265589,6663043,6.66,21,1000.0,0.07,0.21,"GAS_DROP, TPS_DROP"
2026-01-22T06:18:20Z,1769062700,6265689,6662768,6.66,21,1000.0,0.07,0.21,"GAS_DROP, TPS_DROP"
2026-01-22T06:20:00Z,1769062800,6265789,6664927,6.66,21,1000.0,0.07,0.21,"GAS_DROP, TPS_DROP"
2026-01-22T06:21:40Z,1769062900,6265889,6672902,6.67,21,1000.0,0.07,0.21,"GAS_DROP, TPS_DROP"
2026-01-22T06:23:20Z,1769063000,6265989,6662345,6.66,21,1000.0,0.07,0.21,"GAS_DROP, TPS_DROP"
2026-01-22T06:25:00Z,1769063100,6266089,6662899,6.66,21,1000.0,0.07,0.21,"GAS_DROP, TPS_DROP"
2026-01-22T06:26:40Z,1769063200,6266189,6662648,6.66,21,1000.0,0.07,0.21,"GAS_DROP, TPS_DROP"
2026-01-22T06:28:20Z,1769063300,6266289,6662090,6.66,21,1000.0,0.07,0.21,"GAS_DROP, TPS_DROP"
2026-01-22T06:30:00Z,1769063400,6266389,6660938,6.66,21,1000.0,0.07,0.21,"GAS_DROP, TPS_DROP"
2026-01-22T06:31:40Z,1769063500,6266489,6662794,6.66,21,1000.0,0.07,0.21,"GAS_DROP, TPS_DROP"
2026-01-22T06:33:20Z,1769063600,6266589,6661419,6.66,21,1000.0,0.07,0.21,"GAS_DROP, TPS_DROP"
2026-01-22T06:35:00Z,1769063700,6266689,6662263,6.66,21,1000.0,0.07,0.21,"GAS_DROP, TPS_DROP"
2026-01-22T06:36:40Z,1769063800,6266789,6663020,6.66,21,1000.0,0.07,0.21,"GAS_DROP, TPS_DROP"
2026-01-22T06:38:20Z,1769063900,6266889,6662421,6.66,21,1000.0,0.07,0.21,"GAS_DROP, TPS_DROP"
2026-01-22T06:40:00Z,1769064000,6266989,6662252,6.66,21,1000.0,0.07,0.21,"GAS_DROP, TPS_DROP"
2026-01-22T06:41:40Z,1769064100,6267089,6661987,6.66,21,1000.0,0.07,0.21,"GAS_DROP, TPS_DROP"
2026-01-22T06:43:20Z,1769064200,6267189,6662034,6.66,21,1000.0,0.07,0.21,"GAS_DROP, TPS_DROP"
2026-01-22T06:45:00Z,1769064300,6267289,6662279,6.66,21,1000.0,0.07,0.21,"GAS_DROP, TPS_DROP"
2026-01-22T06:46:40Z,1769064400,6267389,6662974,6.66,21,1000.0,0.07,0.21,"GAS_DROP, TPS_DROP"
2026-01-22T06:48:20Z,1769064500,6267489,6662516,6.66,21,1000.0,0.07,0.21,"GAS_DROP, TPS_DROP"
2026-01-22T06:50:00Z,1769064600,6267589,6662020,6.66,21,1000.0,0.07,0.21,"GAS_DROP, TPS_DROP"
2026-01-22T06:51:40Z,1769064700,6267689,6662266,6.66,21,1000.0,0.07,0.21,"GAS_DROP, TPS_DROP"
2026-01-22T06:53:20Z,1769064800,6267789,6671101,6.67,21,1000.0,0.07,0.21,"GAS_DROP, TPS_DROP"
2026-01-22T06:55:00Z,1769064900,6267889,6661166,6.66,21,1000.0,0.07,0.21,"GAS_DROP, TPS_DROP"
2026-01-22T06:56:40Z,1769065000,6267989,6663355,6.66,21,1000.0,0.07,0.21,"GAS_DROP, TPS_DROP"
2026-01-22T06:58:20Z,1769065100,6268089,6664732,6.66,21,1000.0,0.07,0.21,"GAS_DROP, TPS_DROP"
2026-01-22T07:00:00Z,1769065200,6268189,6671150,6.67,21,1000.0,0.07,0.21,"GAS_DROP, TPS_DROP"
2026-01-22T07:01:40Z,1769065300,6268289,6662483,6.66,21,1000.0,0.07,0.21,"GAS_DROP, TPS_DROP"
2026-01-22T07:03:20Z,1769065400,6268389,6661250,6.66,21,1000.0,0.07,0.21,"GAS_DROP, TPS_DROP"
2026-01-22T07:05:00Z,1769065500,6268489,6663032,6.66,21,1000.0,0.07,0.21,"GAS_DROP, TPS_DROP"
2026-01-22T07:06:40Z,1769065600,6268589,6662943,6.66,21,1000.0,0.07,0.21,"GAS_DROP, TPS_DROP"
2026-01-22T07:08:20Z,1769065700,6268689,6662144,6.66,21,1000.0,0.07,0.21,"GAS_DROP, TPS_DROP"
2026-01-22T07:10:00Z,1769065800,6268789,6662683,6.66,21,1000.0,0.07,0.21,"GAS_DROP, TPS_DROP"
2026-01-22T07:11:40Z,1769065900,6268889,6663476,6.66,21,1000.0,0.07,0.21,"GAS_DROP, TPS_DROP"
2026-01-22T07:13:20Z,1769066000,6268989,6978408,6.98,22,1000.0,0.07,0.22,"GAS_DROP, TPS_DROP"
2026-01-22T07:15:00Z,1769066100,6269089,6662299,6.66,21,1000.0,0.07,0.21,"GAS_DROP, TPS_DROP"
2026-01-22T07:16:40Z,1769066200,6269189,6663188,6.66,21,1000.0,0.07,0.21,"GAS_DROP, TPS_DROP"
2026-01-22T07:18:20Z,1769066300,6269289,6662149,6.66,21,1000.0,0.07,0.21,"GAS_DROP, TPS_DROP"
2026-01-22T07:20:00Z,1769066400,6269389,6662393,6.66,21,1000.0,0.07,0.21,"GAS_DROP, TPS_DROP"
2026-01-22T07:21:40Z,1769066500,6269489,6662563,6.66,21,1000.0,0.07,0.21,"GAS_DROP, TPS_DROP"
2026-01-22T07:23:20Z,1769066600,6269589,6663193,6.66,21,1000.0,0.07,0.21,"GAS_DROP, TPS_DROP"
2026-01-22T07:25:00Z,1769066700,6269689,6662237,6.66,21,1000.0,0.07,0.21,"GAS_DROP, TPS_DROP"
2026-01-22T07:26:40Z,1769066800,6269789,6662488,6.66,21,1000.0,0.07,0.21,"GAS_DROP, TPS_DROP"
2026-01-22T07:28:20Z,1769066900,6269889,6662276,6.66,21,1000.0,0.07,0.21,"GAS_DROP, TPS_DROP"
2026-01-22T07:30:00Z,1769067000,6269989,6662219,6.66,21,1000.0,0.07,0.21,"GAS_DROP, TPS_DROP"
2026-01-22T07:31:40Z,1769067100,6270089,6987353,6.99,22,1000.0,0.07,0.22,"GAS_DROP, TPS_DROP"
2026-01-22T07:33:20Z,1769067200,6270189,6664447,6.66,21,1000.0,0.07,0.21,"GAS_DROP, TPS_DROP"
2026-01-22T07:35:00Z,1769067300,6270289,6662540,6.66,21,1000.0,0.07,0.21,"GAS_DROP, TPS_DROP"
2026-01-22T07:36:40Z,1769067400,6270389,6726476,6.73,22,1000.0,0.07,0.22,"GAS_DROP, TPS_DROP"
2026-01-22T07:38:20Z,1769067500,6270489,6670973,6.67,21,1000.0,0.07,0.21,"GAS_DROP, TPS_DROP"
2026-01-22T07:40:00Z,1769067600,6270589,6662371,6.66,21,1000.0,0.07,0.21,"GAS_DROP, TPS_DROP"
2026-01-22T07:41:40Z,1769067700,6270689,6663076,6.66,21,1000.0,0.07,0.21,"GAS_DROP, TPS_DROP"
2026-01-22T07:43:20Z,1769067800,6270789,6662931,6.66,21,1000.0,0.07,0.21,"GAS_DROP, TPS_DROP"
2026-01-22T07:45:00Z,1769067900,6270889,6670614,6.67,21,1000.0,0.07,0.21,"GAS_DROP, TPS_DROP"
2026-01-22T07:46:40Z,1769068000,6270989,6662557,6.66,21,1000.0,0.07,0.21,"GAS_DROP, TPS_DROP"
2026-01-22T07:48:20Z,1769068100,6271089,6662873,6.66,21,1000.0,0.07,0.21,"GAS_DROP, TPS_DROP"
2026-01-22T07:50:00Z,1769068200,6271189,6660974,6.66,21,1000.0,0.07,0.21,"GAS_DROP, TPS_DROP"
2026-01-22T07:51:40Z,1769068300,6271289,6836633,6.84,23,1000.0,0.07,0.23,"GAS_DROP, TPS_DROP"
2026-01-22T07:53:20Z,1769068400,6271389,6661250,6.66,21,1000.0,0.07,0.21,"GAS_DROP, TPS_DROP"
2026-01-22T07:55:00Z,1769068500,6271489,6758996,6.76,22,1000.0,0.07,0.22,"GAS_DROP, TPS_DROP"
2026-01-22T07:56:40Z,1769068600,6271589,6662381,6.66,21,1000.0,0.07,0.21,"GAS_DROP, TPS_DROP"
2026-01-22T07:58:20Z,1769068700,6271689,6662723,6.66,21,1000.0,0.07,0.21,"GAS_DROP, TPS_DROP"
2026-01-22T08:00:00Z,1769068800,6271789,6662069,6.66,21,1000.0,0.07,0.21,"GAS_DROP, TPS_DROP"
2026-01-22T08:01:40Z,1769068900,6271889,6662669,6.66,21,1000.0,0.07,0.21,"GAS_DROP, TPS_DROP"
2026-01-22T08:03:20Z,1769069000,6271989,6662386,6.66,21,1000.0,0.07,0.21,"GAS_DROP, TPS_DROP"
2026-01-22T08:05:00Z,1769069100,6272089,6662520,6.66,21,1000.0,0.07,0.21,"GAS_DROP, TPS_DROP"
2026-01-22T08:06:40Z,1769069200,6272189,6662712,6.66,21,1000.0,0.07,0.21,"GAS_DROP, TPS_DROP"
2026-01-22T08:08:20Z,1769069300,6272289,6662680,6.66,21,1000.0,0.07,0.21,"GAS_DROP, TPS_DROP"
2026-01-22T08:10:00Z,1769069400,6272389,6662008,6.66,21,1000.0,0.07,0.21,"GAS_DROP, TPS_DROP"
2026-01-22T08:11:40Z,1769069500,6272489,6661368,6.66,21,1000.0,0.07,0.21,"GAS_DROP, TPS_DROP"
2026-01-22T08:13:20Z,1769069600,6272589,6663339,6.66,21,1000.0,0.07,0.21,"GAS_DROP, TPS_DROP"
2026-01-22T08:15:00Z,1769069700,6272689,6662608,6.66,21,1000.0,0.07,0.21,"GAS_DROP, TPS_DROP"
2026-01-22T08:16:40Z,1769069800,6272789,6887914,6.89,22,1000.0,0.07,0.22,"GAS_DROP, TPS_DROP"
2026-01-22T08:18:20Z,1769069900,6272889,6661942,6.66,21,1000.0,0.07,0.21,"GAS_DROP, TPS_DROP"
2026-01-22T08:20:00Z,1769070000,6272989,6659790,6.66,21,1000.0,0.07,0.21,"GAS_DROP, TPS_DROP"
2026-01-22T08:21:40Z,1769070100,6273089,6663524,6.66,21,1000.0,0.07,0.21,"GAS_DROP, TPS_DROP"
2026-01-22T08:23:20Z,1769070200,6273189,6667770,6.67,21,1000.0,0.07,0.21,"GAS_DROP, TPS_DROP"
2026-01-22T08:25:00Z,1769070300,6273289,6662426,6.66,21,1000.0,0.07,0.21,"GAS_DROP, TPS_DROP"
2026-01-22T08:26:40Z,1769070400,6273389,6662269,6.66,21,1000.0,0.07,0.21,"GAS_DROP, TPS_DROP"
2026-01-22T08:28:20Z,1769070500,6273489,6662633,6.66,21,1000.0,0.07,0.21,"GAS_DROP, TPS_DROP"
2026-01-22T08:30:00Z,1769070600,6273589,6662852,6.66,21,1000.0,0.07,0.21,"GAS_DROP, TPS_DROP"
2026-01-22T08:31:40Z,1769070700,6273689,6662849,6.66,21,1000.0,0.07,0.21,"GAS_DROP, TPS_DROP"
2026-01-22T08:33:20Z,1769070800,6273789,7913551,7.91,22,1000.0,0.08,0.22,"GAS_DROP, TPS_DROP"
2026-01-22T08:35:00Z,1769070900,6273889,6661088,6.66,21,1000.0,0.07,0.21,"GAS_DROP, TPS_DROP"
2026-01-22T08:36:40Z,1769071000,6273989,6662451,6.66,21,1000.0,0.07,0.21,"GAS_DROP, TPS_DROP"
2026-01-22T08:38:20Z,1769071100,6274089,6662932,6.66,21,1000.0,0.07,0.21,"GAS_DROP, TPS_DROP"
2026-01-22T08:40:00Z,1769071200,6274189,6662219,6.66,21,1000.0,0.07,0.21,"GAS_DROP, TPS_DROP"
2026-01-22T08:41:40Z,1769071300,6274289,6662350,6.66,21,1000.0,0.07,0.21,"GAS_DROP, TPS_DROP"
2026-01-22T08:43:20Z,1769071400,6274389,6662396,6.66,21,1000.0,0.07,0.21,"GAS_DROP, TPS_DROP"
2026-01-22T08:45:00Z,1769071500,6274489,6662447,6.66,21,1000.0,0.07,0.21,"GAS_DROP, TPS_DROP"
2026-01-22T08:46:40Z,1769071600,6274589,6662841,6.66,21,1000.0,0.07,0.21,"GAS_DROP, TPS_DROP"
2026-01-22T08:48:20Z,1769071700,6274689,6662722,6.66,21,1000.0,0.07,0.21,"GAS_DROP, TPS_DROP"
2026-01-22T08:50:00Z,1769071800,6274789,6662308,6.66,21,1000.0,0.07,0.21,"GAS_DROP, TPS_DROP"
2026-01-22T08:51:40Z,1769071900,6274889,6662139,6.66,21,1000.0,0.07,0.21,"GAS_DROP, TPS_DROP"
2026-01-22T08:53:20Z,1769072000,6274989,6662832,6.66,21,1000.0,0.07,0.21,"GAS_DROP, TPS_DROP"
2026-01-22T08:55:00Z,1769072100,6275089,6670811,6.67,21,1000.0,0.07,0.21,"GAS_DROP, TPS_DROP"
2026-01-22T08:56:40Z,1769072200,6275189,6662395,6.66,21,1000.0,0.07,0.21,"GAS_DROP, TPS_DROP"
2026-01-22T08:58:20Z,1769072300,6275289,7128826,7.13,23,1000.0,0.07,0.23,"GAS_DROP, TPS_DROP"
2026-01-22T09:00:00Z,1769072400,6275389,6663425,6.66,21,1000.0,0.07,0.21,"GAS_DROP, TPS_DROP"
2026-01-22T09:01:40Z,1769072500,6275489,6670683,6.67,21,1000.0,0.07,0.21,"GAS_DROP, TPS_DROP"
2026-01-22T09:03:20Z,1769072600,6275589,6661091,6.66,21,1000.0,0.07,0.21,"GAS_DROP, TPS_DROP"
2026-01-22T09:05:00Z,1769072700,6275689,6662532,6.66,21,1000.0,0.07,0.21,"GAS_DROP, TPS_DROP"
2026-01-22T09:06:40Z,1769072800,6275789,6662412,6.66,21,1000.0,0.07,0.21,"GAS_DROP, TPS_DROP"
2026-01-22T09:08:20Z,1769072900,6275889,6662467,6.66,21,1000.0,0.07,0.21,"GAS_DROP, TPS_DROP"
2026-01-22T09:10:00Z,1769073000,6275989,6662894,6.66,21,1000.0,0.07,0.21,"GAS_DROP, TPS_DROP"
2026-01-22T09:11:40Z,1769073100,6276089,6662674,6.66,21,1000.0,0.07,0.21,"GAS_DROP, TPS_DROP"
2026-01-22T09:13:20Z,1769073200,6276189,6662589,6.66,21,1000.0,0.07,0.21,"GAS_DROP, TPS_DROP"
2026-01-22T09:15:00Z,1769073300,6276289,6662498,6.66,21,1000.0,0.07,0.21,"GAS_DROP, TPS_DROP"
2026-01-22T09:16:40Z,1769073400,6276389,6662911,6.66,21,1000.0,0.07,0.21,"GAS_DROP, TPS_DROP"
2026-01-22T09:18:20Z,1769073500,6276489,6662296,6.66,21,1000.0,0.07,0.21,"GAS_DROP, TPS_DROP"
2026-01-22T09:20:00Z,1769073600,6276589,6662551,6.66,21,1000.0,0.07,0.21,"GAS_DROP, TPS_DROP"
2026-01-22T09:21:40Z,1769073700,6276689,6662581,6.66,21,1000.0,0.07,0.21,"GAS_DROP, TPS_DROP"
2026-01-22T09:23:20Z,1769073800,6276789,6662090,6.66,21,1000.0,0.07,0.21,"GAS_DROP, TPS_DROP"
2026-01-22T09:25:00Z,1769073900,6276889,6662143,6.66,21,1000.0,0.07,0.21,"GAS_DROP, TPS_DROP"
2026-01-22T09:26:40Z,1769074000,6276989,6662659,6.66,21,1000.0,0.07,0.21,"GAS_DROP, TPS_DROP"
2026-01-22T09:28:20Z,1769074100,6277089,6662480,6.66,21,1000.0,0.07,0.21,"GAS_DROP, TPS_DROP"
2026-01-22T09:30:00Z,1769074200,6277189,6661230,6.66,21,1000.0,0.07,0.21,"GAS_DROP, TPS_DROP"
2026-01-22T09:31:40Z,1769074300,6277289,6662936,6.66,21,1000.0,0.07,0.21,"GAS_DROP, TPS_DROP"
2026-01-22T09:33:20Z,1769074400,6277389,6670802,6.67,21,1000.0,0.07,0.21,"GAS_DROP, TPS_DROP"
2026-01-22T09:35:00Z,1769074500,6277489,6663412,6.66,21,1000.0,0.07,0.21,"GAS_DROP, TPS_DROP"
2026-01-22T09:36:40Z,1769074600,6277589,6662093,6.66,21,1000.0,0.07,0.21,"GAS_DROP, TPS_DROP"
2026-01-22T09:38:20Z,1769074700,6277689,6663656,6.66,21,1000.0,0.07,0.21,"GAS_DROP, TPS_DROP"
2026-01-22T09:40:00Z,1769074800,6277789,6672281,6.67,21,1000.0,0.07,0.21,"GAS_DROP, TPS_DROP"
2026-01-22T09:41:40Z,1769074900,6277889,6664175,6.66,21,1000.0,0.07,0.21,"GAS_DROP, TPS_DROP"
2026-01-22T09:43:20Z,1769075000,6277989,6664428,6.66,21,1000.0,0.07,0.21,"GAS_DROP, TPS_DROP"
2026-01-22T09:45:00Z,1769075100,6278089,6662475,6.66,21,1000.0,0.07,0.21,"GAS_DROP, TPS_DROP"
2026-01-22T09:46:40Z,1769075200,6278189,6663994,6.66,21,1000.0,0.07,0.21,"GAS_DROP, TPS_DROP"
2026-01-22T09:48:20Z,1769075300,6278289,6664167,6.66,21,1000.0,0.07,0.21,"GAS_DROP, TPS_DROP"
2026-01-22T09:50:00Z,1769075400,6278389,6663965,6.66,21,1000.0,0.07,0.21,"GAS_DROP, TPS_DROP"
2026-01-22T09:51:40Z,1769075500,6278489,6661328,6.66,21,1000.0,0.07,0.21,"GAS_DROP, TPS_DROP"
2026-01-22T09:53:20Z,1769075600,6278589,6661239,6.66,21,1000.0,0.07,0.21,"GAS_DROP, TPS_DROP"
2026-01-22T09:55:00Z,1769075700,6278689,6664706,6.66,21,1000.0,0.07,0.21,"GAS_DROP, TPS_DROP"
2026-01-22T09:56:40Z,1769075800,6278789,6664141,6.66,21,1000.0,0.07,0.21,"GAS_DROP, TPS_DROP"
2026-01-22T09:58:20Z,1769075900,6278889,6662374,6.66,21,1000.0,0.07,0.21,"GAS_DROP, TPS_DROP"
2026-01-22T10:00:00Z,1769076000,6278989,6662598,6.66,21,1000.0,0.07,0.21,"GAS_DROP, TPS_DROP"
2026-01-22T10:01:40Z,1769076100,6279089,6666243,6.67,21,1000.0,0.07,0.21,"GAS_DROP, TPS_DROP"
2026-01-22T10:03:20Z,1769076200,6279189,6665084,6.67,21,1000.0,0.07,0.21,"GAS_DROP, TPS_DROP"
2026-01-22T10:05:00Z,1769076300,6279289,6666559,6.67,21,1000.0,0.07,0.21,"GAS_DROP, TPS_DROP"
2026-01-22T10:06:40Z,1769076400,6279389,6665525,6.67,21,1000.0,0.07,0.21,"GAS_DROP, TPS_DROP"
2026-01-22T10:08:20Z,1769076500,6279489,6661693,6.66,21,1000.0,0.07,0.21,"GAS_DROP, TPS_DROP"
2026-01-22T10:10:00Z,1769076600,6279589,6661942,6.66,21,1000.0,0.07,0.21,"GAS_DROP, TPS_DROP"
2026-01-22T10:11:40Z,1769076700,6279689,6673105,6.67,21,1000.0,0.07,0.21,"GAS_DROP, TPS_DROP"
2026-01-22T10:13:20Z,1769076800,6279789,6662338,6.66,21,1000.0,0.07,0.21,"GAS_DROP, TPS_DROP"
2026-01-22T10:15:00Z,1769076900,6279889,6659816,6.66,21,1000.0,0.07,0.21,"GAS_DROP, TPS_DROP"
2026-01-22T10:16:40Z,1769077000,6279989,6662228,6.66,21,1000.0,0.07,0.21,"GAS_DROP, TPS_DROP"
2026-01-22T10:18:20Z,1769077100,6280089,6670688,6.67,21,1000.0,0.07,0.21,"GAS_DROP, TPS_DROP"
2026-01-22T10:20:00Z,1769077200,6280189,6663773,6.66,21,1000.0,0.07,0.21,"GAS_DROP, TPS_DROP"
2026-01-22T10:21:40Z,1769077300,6280289,6663931,6.66,21,1000.0,0.07,0.21,"GAS_DROP, TPS_DROP"
2026-01-22T10:23:20Z,1769077400,6280389,6977480,6.98,22,1000.0,0.07,0.22,"GAS_DROP, TPS_DROP"
2026-01-22T10:25:00Z,1769077500,6280489,6667622,6.67,21,1000.0,0.07,0.21,"GAS_DROP, TPS_DROP"
2026-01-22T10:26:40Z,1769077600,6280589,6662305,6.66,21,1000.0,0.07,0.21,"GAS_DROP, TPS_DROP"
2026-01-22T10:28:20Z,1769077700,6280689,6661812,6.66,21,1000.0,0.07,0.21,"GAS_DROP, TPS_DROP"
2026-01-22T10:30:00Z,1769077800,6280789,6662517,6.66,21,1000.0,0.07,0.21,"GAS_DROP, TPS_DROP"
2026-01-22T10:31:40Z,1769077900,6280889,6661858,6.66,21,1000.0,0.07,0.21,"GAS_DROP, TPS_DROP"
2026-01-22T10:33:20Z,1769078000,6280989,6662236,6.66,21,1000.0,0.07,0.21,"GAS_DROP, TPS_DROP"
2026-01-22T10:35:00Z,1769078100,6281089,6662956,6.66,21,1000.0,0.07,0.21,"GAS_DROP, TPS_DROP"
2026-01-22T10:36:40Z,1769078200,6281189,6662642,6.66,21,1000.0,0.07,0.21,"GAS_DROP, TPS_DROP"
2026-01-22T10:38:20Z,1769078300,6281289,6660895,6.66,21,1000.0,0.07,0.21,"GAS_DROP, TPS_DROP"
2026-01-22T10:40:00Z,1769078400,6281389,6662383,6.66,21,1000.0,0.07,0.21,"GAS_DROP, TPS_DROP"
2026-01-22T10:41:40Z,1769078500,6281489,6662519,6.66,21,1000.0,0.07,0.21,"GAS_DROP, TPS_DROP"
2026-01-22T10:43:20Z,1769078600,6281589,6662571,6.66,21,1000.0,0.07,0.21,"GAS_DROP, TPS_DROP"
2026-01-22T10:45:00Z,1769078700,6281689,6663569,6.66,21,1000.0,0.07,0.21,"GAS_DROP, TPS_DROP"
2026-01-22T10:46:40Z,1769078800,6281789,6656834,6.66,21,1000.0,0.07,0.21,"GAS_DROP, TPS_DROP"
2026-01-22T10:48:20Z,1769078900,6281889,6723394,6.72,22,1000.0,0.07,0.22,"GAS_DROP, TPS_DROP"
2026-01-22T10:50:00Z,1769079000,6281989,6722380,6.72,22,1000.0,0.07,0.22,"GAS_DROP, TPS_DROP"
2026-01-22T10:51:40Z,1769079100,6282089,6662855,6.66,21,1000.0,0.07,0.21,"GAS_DROP, TPS_DROP"
2026-01-22T10:53:20Z,1769079200,6282189,6662316,6.66,21,1000.0,0.07,0.21,"GAS_DROP, TPS_DROP"
2026-01-22T10:55:00Z,1769079300,6282289,6662846,6.66,21,1000.0,0.07,0.21,"GAS_DROP, TPS_DROP"
2026-01-22T10:56:40Z,1769079400,6282389,6671227,6.67,21,1000.0,0.07,0.21,"GAS_DROP, TPS_DROP"
2026-01-22T10:58:20Z,1769079500,6282489,6662816,6.66,21,1000.0,0.07,0.21,"GAS_DROP, TPS_DROP"
2026-01-22T11:00:00Z,1769079600,6282589,6661512,6.66,21,1000.0,0.07,0.21,"GAS_DROP, TPS_DROP"
2026-01-22T11:01:40Z,1769079700,6282689,6661826,6.66,21,1000.0,0.07,0.21,"GAS_DROP, TPS_DROP"
2026-01-22T11:03:20Z,1769079800,6282789,6887147,6.89,22,1000.0,0.07,0.22,"GAS_DROP, TPS_DROP"
2026-01-22T11:05:00Z,1769079900,6282889,6662451,6.66,21,1000.0,0.07,0.21,"GAS_DROP, TPS_DROP"
2026-01-22T11:06:40Z,1769080000,6282989,6662101,6.66,21,1000.0,0.07,0.21,"GAS_DROP, TPS_DROP"
2026-01-22T11:08:20Z,1769080100,6283089,6662313,6.66,21,1000.0,0.07,0.21,"GAS_DROP, TPS_DROP"
2026-01-22T11:10:00Z,1769080200,6283189,6662766,6.66,21,1000.0,0.07,0.21,"GAS_DROP, TPS_DROP"
2026-01-22T11:11:40Z,1769080300,6283289,6662190,6.66,21,1000.0,0.07,0.21,"GAS_DROP, TPS_DROP"
2026-01-22T11:13:20Z,1769080400,6283389,6662298,6.66,21,1000.0,0.07,0.21,"GAS_DROP, TPS_DROP"
2026-01-22T11:15:00Z,1769080500,6283489,6723027,6.72,22,1000.0,0.07,0.22,"GAS_DROP, TPS_DROP"
2026-01-22T11:16:40Z,1769080600,6283589,6782639,6.78,23,1000.0,0.07,0.23,"GAS_DROP, TPS_DROP"
2026-01-22T11:18:20Z,1769080700,6283689,6662564,6.66,21,1000.0,0.07,0.21,"GAS_DROP, TPS_DROP"
2026-01-22T11:20:00Z,1769080800,6283789,6664443,6.66,21,1000.0,0.07,0.21,"GAS_DROP, TPS_DROP"
2026-01-22T11:21:40Z,1769080900,6283889,7072360,7.07,25,1000.0,0.07,0.25,"GAS_DROP, TPS_DROP"
2026-01-22T11:23:20Z,1769081000,6283989,6663227,6.66,21,1000.0,0.07,0.21,"GAS_DROP, TPS_DROP"
2026-01-22T11:25:00Z,1769081100,6284089,6722551,6.72,22,1000.0,0.07,0.22,"GAS_DROP, TPS_DROP"
2026-01-22T11:26:40Z,1769081200,6284189,6722394,6.72,22,1000.0,0.07,0.22,"GAS_DROP, TPS_DROP"
2026-01-22T11:28:20Z,1769081300,6284289,6723210,6.72,22,1000.0,0.07,0.22,"GAS_DROP, TPS_DROP"
2026-01-22T11:30:00Z,1769081400,6284389,6724672,6.72,22,1000.0,0.07,0.22,"GAS_DROP, TPS_DROP"
2026-01-22T11:31:40Z,1769081500,6284489,6722522,6.72,22,1000.0,0.07,0.22,"GAS_DROP, TPS_DROP"
2026-01-22T11:33:20Z,1769081600,6284589,7036275,7.04,23,1000.0,0.07,0.23,"GAS_DROP, TPS_DROP"
2026-01-22T11:35:00Z,1769081700,6284689,6730570,6.73,22,1000.0,0.07,0.22,"GAS_DROP, TPS_DROP"
2026-01-22T11:36:40Z,1769081800,6284789,6722636,6.72,22,1000.0,0.07,0.22,"GAS_DROP, TPS_DROP"
2026-01-22T11:38:20Z,1769081900,6284889,6661158,6.66,21,1000.0,0.07,0.21,"GAS_DROP, TPS_DROP"
2026-01-22T11:40:00Z,1769082000,6284989,6662942,6.66,21,1000.0,0.07,0.21,"GAS_DROP, TPS_DROP"
2026-01-22T11:41:40Z,1769082100,6285089,6888687,6.89,22,1000.0,0.07,0.22,"GAS_DROP, TPS_DROP"
2026-01-22T11:43:20Z,1769082200,6285189,6662899,6.66,21,1000.0,0.07,0.21,"GAS_DROP, TPS_DROP"
2026-01-22T11:45:00Z,1769082300,6285289,6662101,6.66,21,1000.0,0.07,0.21,"GAS_DROP, TPS_DROP"
2026-01-22T11:46:40Z,1769082400,6285389,6662207,6.66,21,1000.0,0.07,0.21,"GAS_DROP, TPS_DROP"
2026-01-22T11:48:20Z,1769082500,6285489,6662419,6.66,21,1000.0,0.07,0.21,"GAS_DROP, TPS_DROP"
2026-01-22T11:50:00Z,1769082600,6285589,6662299,6.66,21,1000.0,0.07,0.21,"GAS_DROP, TPS_DROP"
2026-01-22T11:51:40Z,1769082700,6285689,6664523,6.66,21,1000.0,0.07,0.21,"GAS_DROP, TPS_DROP"
2026-01-22T11:53:20Z,1769082800,6285789,6662842,6.66,21,1000.0,0.07,0.21,"GAS_DROP, TPS_DROP"
2026-01-22T11:55:00Z,1769082900,6285889,6661967,6.66,21,1000.0,0.07,0.21,"GAS_DROP, TPS_DROP"
2026-01-22T11:56:40Z,1769083000,6285989,6662302,6.66,21,1000.0,0.07,0.21,"GAS_DROP, TPS_DROP"
2026-01-22T11:58:20Z,1769083100,6286089,6662697,6.66,21,1000.0,0.07,0.21,"GAS_DROP, TPS_DROP"
2026-01-22T12:00:00Z,1769083200,6286189,6662202,6.66,21,1000.0,0.07,0.21,"GAS_DROP, TPS_DROP"
2026-01-22T12:01:40Z,1769083300,6286289,6722476,6.72,22,1000.0,0.07,0.22,"GAS_DROP, TPS_DROP"
2026-01-22T12:03:20Z,1769083400,6286389,6721522,6.72,22,1000.0,0.07,0.22,"GAS_DROP, TPS_DROP"
2026-01-22T12:05:00Z,1769083500,6286489,6662610,6.66,21,1000.0,0.07,0.21,"GAS_DROP, TPS_DROP"
2026-01-22T12:06:40Z,1769083600,6286589,6662548,6.66,21,1000.0,0.07,0.21,"GAS_DROP, TPS_DROP"
2026-01-22T12:08:20Z,1769083700,6286689,6662478,6.66,21,1000.0,0.07,0.21,"GAS_DROP, TPS_DROP"
2026-01-22T12:10:00Z,1769083800,6286789,7099715,7.1,22,1000.0,0.07,0.22,"GAS_DROP, TPS_DROP"
2026-01-22T12:11:40Z,1769083900,6286889,6662573,6.66,21,1000.0,0.07,0.21,"GAS_DROP, TPS_DROP"
2026-01-22T12:13:20Z,1769084000,6286989,7267097,7.27,22,1000.0,0.07,0.22,"GAS_DROP, TPS_DROP"
2026-01-22T12:15:00Z,1769084100,6287089,6662628,6.66,21,1000.0,0.07,0.21,"GAS_DROP, TPS_DROP"
2026-01-22T12:16:40Z,1769084200,6287189,6722478,6.72,22,1000.0,0.07,0.22,"GAS_DROP, TPS_DROP"
2026-01-22T12:18:20Z,1769084300,6287289,6661603,6.66,21,1000.0,0.07,0.21,"GAS_DROP, TPS_DROP"
2026-01-22T12:20:00Z,1769084400,6287389,6670430,6.67,21,1000.0,0.07,0.21,"GAS_DROP, TPS_DROP"
2026-01-22T12:21:40Z,1769084500,6287489,6662125,6.66,21,1000.0,0.07,0.21,"GAS_DROP, TPS_DROP"
2026-01-22T12:23:20Z,1769084600,6287589,6782053,6.78,23,1000.0,0.07,0.23,"GAS_DROP, TPS_DROP"
2026-01-22T12:25:00Z,1769084700,6287689,6789683,6.79,22,1000.0,0.07,0.22,"GAS_DROP, TPS_DROP"
2026-01-22T12:26:40Z,1769084800,6287789,6661951,6.66,21,1000.0,0.07,0.21,"GAS_DROP, TPS_DROP"
2026-01-22T12:28:20Z,1769084900,6287889,6661968,6.66,21,1000.0,0.07,0.21,"GAS_DROP, TPS_DROP"
2026-01-22T12:30:00Z,1769085000,6287989,6662502,6.66,21,1000.0,0.07,0.21,"GAS_DROP, TPS_DROP"
2026-01-22T12:31:40Z,1769085100,6288089,6718118,6.72,22,1000.0,0.07,0.22,"GAS_DROP, TPS_DROP"
2026-01-22T12:33:20Z,1769085200,6288189,6663773,6.66,21,1000.0,0.07,0.21,"GAS_DROP, TPS_DROP"
2026-01-22T12:35:00Z,1769085300,6288289,12548980,12.55,22,1000.0,0.13,0.22,"GAS_DROP, TPS_DROP"
2026-01-22T12:36:40Z,1769085400,6288389,6662749,6.66,21,1000.0,0.07,0.21,"GAS_DROP, TPS_DROP"
2026-01-22T12:38:20Z,1769085500,6288489,6662597,6.66,21,1000.0,0.07,0.21,"GAS_DROP, TPS_DROP"
2026-01-22T12:40:00Z,1769085600,6288589,6662461,6.66,21,1000.0,0.07,0.21,"GAS_DROP, TPS_DROP"
2026-01-22T12:41:40Z,1769085700,6288689,6661475,6.66,21,1000.0,0.07,0.21,"GAS_DROP, TPS_DROP"
2026-01-22T12:43:20Z,1769085800,6288789,6661675,6.66,21,1000.0,0.07,0.21,"GAS_DROP, TPS_DROP"
2026-01-22T12:45:00Z,1769085900,6288889,13022210,13.02,24,1000.0,0.13,0.24,"GAS_DROP, TPS_DROP"
2026-01-22T12:46:40Z,1769086000,6288989,6662932,6.66,21,1000.0,0.07,0.21,"GAS_DROP, TPS_DROP"
2026-01-22T12:48:20Z,1769086100,6289089,6662931,6.66,21,1000.0,0.07,0.21,"GAS_DROP, TPS_DROP"
2026-01-22T12:50:00Z,1769086200,6289189,6662341,6.66,21,1000.0,0.07,0.21,"GAS_DROP, TPS_DROP"
2026-01-22T12:51:40Z,1769086300,6289289,6673054,6.67,21,1000.0,0.07,0.21,"GAS_DROP, TPS_DROP"
2026-01-22T12:53:20Z,1769086400,6289389,6660292,6.66,21,1000.0,0.07,0.21,"GAS_DROP, TPS_DROP"
2026-01-22T12:55:00Z,1769086500,6289489,12539167,12.54,22,1000.0,0.13,0.22,"GAS_DROP, TPS_DROP"
2026-01-22T12:56:40Z,1769086600,6289589,6662538,6.66,21,1000.0,0.07,0.21,"GAS_DROP, TPS_DROP"
2026-01-22T12:58:20Z,1769086700,6289689,6670842,6.67,21,1000.0,0.07,0.21,"GAS_DROP, TPS_DROP"
2026-01-22T13:00:00Z,1769086800,6289789,12549662,12.55,22,1000.0,0.13,0.22,"GAS_DROP, TPS_DROP"
2026-01-22T13:01:40Z,1769086900,6289889,6661951,6.66,21,1000.0,0.07,0.21,"GAS_DROP, TPS_DROP"
2026-01-22T13:03:20Z,1769087000,6289989,6661113,6.66,21,1000.0,0.07,0.21,"GAS_DROP, TPS_DROP"
2026-01-22T13:05:00Z,1769087100,6290089,12559399,12.56,22,1000.0,0.13,0.22,"GAS_DROP, TPS_DROP"
2026-01-22T13:06:40Z,1769087200,6290189,6662095,6.66,21,1000.0,0.07,0.21,"GAS_DROP, TPS_DROP"
2026-01-22T13:08:20Z,1769087300,6290289,6661752,6.66,21,1000.0,0.07,0.21,"GAS_DROP, TPS_DROP"
2026-01-22T13:10:00Z,1769087400,6290389,12547446,12.55,22,1000.0,0.13,0.22,"GAS_DROP, TPS_DROP"
2026-01-22T13:11:40Z,1769087500,6290489,6661945,6.66,21,1000.0,0.07,0.21,"GAS_DROP, TPS_DROP"
2026-01-22T13:13:20Z,1769087600,6290589,6662411,6.66,21,1000.0,0.07,0.21,"GAS_DROP, TPS_DROP"
2026-01-22T13:15:00Z,1769087700,6290689,12546396,12.55,22,1000.0,0.13,0.22,"GAS_DROP, TPS_DROP"
2026-01-22T13:16:40Z,1769087800,6290789,6663018,6.66,21,1000.0,0.07,0.21,"GAS_DROP, TPS_DROP"
2026-01-22T13:18:20Z,1769087900,6290889,6662326,6.66,21,1000.0,0.07,0.21,"GAS_DROP, TPS_DROP"
2026-01-22T13:20:00Z,1769088000,6290989,12547218,12.55,22,1000.0,0.13,0.22,"GAS_DROP, TPS_DROP"
2026-01-22T13:21:40Z,1769088100,6291089,6662083,6.66,21,1000.0,0.07,0.21,"GAS_DROP, TPS_DROP"
2026-01-22T13:23:20Z,1769088200,6291189,6662640,6.66,21,1000.0,0.07,0.21,"GAS_DROP, TPS_DROP"
2026-01-22T13:25:00Z,1769088300,6291289,6925426,6.93,22,1000.0,0.07,0.22,"GAS_DROP, TPS_DROP"
2026-01-22T13:26:40Z,1769088400,6291389,6662751,6.66,21,1000.0,0.07,0.21,"GAS_DROP, TPS_DROP"
2026-01-22T13:28:20Z,1769088500,6291489,6660876,6.66,21,1000.0,0.07,0.21,"GAS_DROP, TPS_DROP"
2026-01-22T13:30:00Z,1769088600,6291589,6662463,6.66,21,1000.0,0.07,0.21,"GAS_DROP, TPS_DROP"
2026-01-22T13:31:40Z,1769088700,6291689,6662638,6.66,21,1000.0,0.07,0.21,"GAS_DROP, TPS_DROP"
2026-01-22T13:33:20Z,1769088800,6291789,6662482,6.66,21,1000.0,0.07,0.21,"GAS_DROP, TPS_DROP"
2026-01-22T13:35:00Z,1769088900,6291889,6662000,6.66,21,1000.0,0.07,0.21,"GAS_DROP, TPS_DROP"
2026-01-22T13:36:40Z,1769089000,6291989,6670768,6.67,21,1000.0,0.07,0.21,"GAS_DROP, TPS_DROP"
2026-01-22T13:38:20Z,1769089100,6292089,7006035,7.01,24,1000.0,0.07,0.24,"GAS_DROP, TPS_DROP"
2026-01-22T13:40:00Z,1769089200,6292189,6658649,6.66,21,1000.0,0.07,0.21,"GAS_DROP, TPS_DROP"
2026-01-22T13:41:40Z,1769089300,6292289,6662520,6.66,21,1000.0,0.07,0.21,"GAS_DROP, TPS_DROP"
2026-01-22T13:43:20Z,1769089400,6292389,6673186,6.67,21,1000.0,0.07,0.21,"GAS_DROP, TPS_DROP"
2026-01-22T13:45:00Z,1769089500,6292489,6976176,6.98,22,1000.0,0.07,0.22,"GAS_DROP, TPS_DROP"
2026-01-22T13:46:40Z,1769089600,6292589,7133222,7.13,24,1000.0,0.07,0.24,"GAS_DROP, TPS_DROP"
2026-01-22T13:48:20Z,1769089700,6292689,6662590,6.66,21,1000.0,0.07,0.21,"GAS_DROP, TPS_DROP"
2026-01-22T13:50:00Z,1769089800,6292789,6662595,6.66,21,1000.0,0.07,0.21,"GAS_DROP, TPS_DROP"
2026-01-22T13:51:40Z,1769089900,6292889,6663774,6.66,21,1000.0,0.07,0.21,"GAS_DROP, TPS_DROP"
2026-01-22T13:53:20Z,1769090000,6292989,6974399,6.97,23,1000.0,0.07,0.23,"GAS_DROP, TPS_DROP"
2026-01-22T13:55:00Z,1769090100,6293089,7425502,7.43,25,1000.0,0.07,0.25,"GAS_DROP, TPS_DROP"
2026-01-22T13:56:40Z,1769090200,6293189,6722041,6.72,22,1000.0,0.07,0.22,"GAS_DROP, TPS_DROP"
2026-01-22T13:58:20Z,1769090300,6293289,7151960,7.15,23,1000.0,0.07,0.23,"GAS_DROP, TPS_DROP"
2026-01-22T14:00:00Z,1769090400,6293389,7204198,7.2,23,1000.0,0.07,0.23,"GAS_DROP, TPS_DROP"
2026-01-22T14:01:40Z,1769090500,6293489,6662777,6.66,21,1000.0,0.07,0.21,"GAS_DROP, TPS_DROP"
2026-01-22T14:03:20Z,1769090600,6293589,6662276,6.66,21,1000.0,0.07,0.21,"GAS_DROP, TPS_DROP"
2026-01-22T14:05:00Z,1769090700,6293689,6662939,6.66,21,1000.0,0.07,0.21,"GAS_DROP, TPS_DROP"
2026-01-22T14:06:40Z,1769090800,6293789,6662832,6.66,21,1000.0,0.07,0.21,"GAS_DROP, TPS_DROP"
2026-01-22T14:08:20Z,1769090900,6293889,6662418,6.66,21,1000.0,0.07,0.21,"GAS_DROP, TPS_DROP"
2026-01-22T14:10:00Z,1769091000,6293989,7053902,7.05,25,1000.0,0.07,0.25,"GAS_DROP, TPS_DROP"
2026-01-22T14:11:40Z,1769091100,6294089,6761105,6.76,22,1000.0,0.07,0.22,"GAS_DROP, TPS_DROP"
2026-01-22T14:13:20Z,1769091200,6294189,6662231,6.66,21,1000.0,0.07,0.21,"GAS_DROP, TPS_DROP"
2026-01-22T14:15:00Z,1769091300,6294289,6730359,6.73,22,1000.0,0.07,0.22,"GAS_DROP, TPS_DROP"
2026-01-22T14:16:40Z,1769091400,6294389,6662392,6.66,21,1000.0,0.07,0.21,"GAS_DROP, TPS_DROP"
2026-01-22T14:18:20Z,1769091500,6294489,6662082,6.66,21,1000.0,0.07,0.21,"GAS_DROP, TPS_DROP"
2026-01-22T14:20:00Z,1769091600,6294589,6662314,6.66,21,1000.0,0.07,0.21,"GAS_DROP, TPS_DROP"
2026-01-22T14:21:40Z,1769091700,6294689,6669658,6.67,21,1000.0,0.07,0.21,"GAS_DROP, TPS_DROP"
2026-01-22T14:23:20Z,1769091800,6294789,6662027,6.66,21,1000.0,0.07,0.21,"GAS_DROP, TPS_DROP"
2026-01-22T14:25:00Z,1769091900,6294889,6662890,6.66,21,1000.0,0.07,0.21,"GAS_DROP, TPS_DROP"
2026-01-22T14:26:40Z,1769092000,6294989,6661239,6.66,21,1000.0,0.07,0.21,"GAS_DROP, TPS_DROP"
2026-01-22T14:28:20Z,1769092100,6295089,6758954,6.76,22,1000.0,0.07,0.22,"GAS_DROP, TPS_DROP"
2026-01-22T14:30:00Z,1769092200,6295189,6661258,6.66,21,1000.0,0.07,0.21,"GAS_DROP, TPS_DROP"
2026-01-22T14:31:40Z,1769092300,6295289,7053986,7.05,25,1000.0,0.07,0.25,"GAS_DROP, TPS_DROP"
2026-01-22T14:33:20Z,1769092400,6295389,6663410,6.66,21,1000.0,0.07,0.21,"GAS_DROP, TPS_DROP"
2026-01-22T14:35:00Z,1769092500,6295489,6662197,6.66,21,1000.0,0.07,0.21,"GAS_DROP, TPS_DROP"
2026-01-22T14:36:40Z,1769092600,6295589,7089930,7.09,22,1000.0,0.07,0.22,"GAS_DROP, TPS_DROP"
2026-01-22T14:38:20Z,1769092700,6295689,7056084,7.06,25,1000.0,0.07,0.25,"GAS_DROP, TPS_DROP"
2026-01-22T14:40:00Z,1769092800,6295789,7152456,7.15,26,1000.0,0.07,0.26,"GAS_DROP, TPS_DROP"
2026-01-22T14:41:40Z,1769092900,6295889,6662145,6.66,21,1000.0,0.07,0.21,"GAS_DROP, TPS_DROP"
2026-01-22T14:43:20Z,1769093000,6295989,6956371,6.96,24,1000.0,0.07,0.24,"GAS_DROP, TPS_DROP"
2026-01-22T14:45:00Z,1769093100,6296089,6662716,6.66,21,1000.0,0.07,0.21,"GAS_DROP, TPS_DROP"
2026-01-22T14:46:40Z,1769093200,6296189,6662229,6.66,21,1000.0,0.07,0.21,"GAS_DROP, TPS_DROP"
2026-01-22T14:48:20Z,1769093300,6296289,7101108,7.1,22,1000.0,0.07,0.22,"GAS_DROP, TPS_DROP"
2026-01-22T14:50:00Z,1769093400,6296389,6663394,6.66,21,1000.0,0.07,0.21,"GAS_DROP, TPS_DROP"
2026-01-22T14:51:40Z,1769093500,6296489,6977146,6.98,22,1000.0,0.07,0.22,"GAS_DROP, TPS_DROP"
2026-01-22T14:53:20Z,1769093600,6296589,6888182,6.89,22,1000.0,0.07,0.22,"GAS_DROP, TPS_DROP"
2026-01-22T14:55:00Z,1769093700,6296689,6663276,6.66,21,1000.0,0.07,0.21,"GAS_DROP, TPS_DROP"
2026-01-22T14:56:40Z,1769093800,6296789,6663384,6.66,21,1000.0,0.07,0.21,"GAS_DROP, TPS_DROP"
2026-01-22T14:58:20Z,1769093900,6296889,6662120,6.66,21,1000.0,0.07,0.21,"GAS_DROP, TPS_DROP"
2026-01-22T15:00:00Z,1769094000,6296989,6667759,6.67,21,1000.0,0.07,0.21,"GAS_DROP, TPS_DROP"
2026-01-22T15:01:40Z,1769094100,6297089,6662219,6.66,21,1000.0,0.07,0.21,"GAS_DROP, TPS_DROP"
2026-01-22T15:03:20Z,1769094200,6297189,6663445,6.66,21,1000.0,0.07,0.21,"GAS_DROP, TPS_DROP"
2026-01-22T15:05:00Z,1769094300,6297289,6663409,6.66,21,1000.0,0.07,0.21,"GAS_DROP, TPS_DROP"
2026-01-22T15:06:40Z,1769094400,6297389,7099468,7.1,22,1000.0,0.07,0.22,"GAS_DROP, TPS_DROP"
2026-01-22T15:08:20Z,1769094500,6297489,6662802,6.66,21,1000.0,0.07,0.21,"GAS_DROP, TPS_DROP"
2026-01-22T15:10:00Z,1769094600,6297589,6662862,6.66,21,1000.0,0.07,0.21,"GAS_DROP, TPS_DROP"
2026-01-22T15:11:40Z,1769094700,6297689,6663532,6.66,21,1000.0,0.07,0.21,"GAS_DROP, TPS_DROP"
2026-01-22T15:13:20Z,1769094800,6297789,6662436,6.66,21,1000.0,0.07,0.21,"GAS_DROP, TPS_DROP"
2026-01-22T15:15:00Z,1769094900,6297889,6662591,6.66,21,1000.0,0.07,0.21,"GAS_DROP, TPS_DROP"
2026-01-22T15:16:40Z,1769095000,6297989,6662464,6.66,21,1000.0,0.07,0.21,"GAS_DROP, TPS_DROP"
2026-01-22T15:18:20Z,1769095100,6298089,6662652,6.66,21,1000.0,0.07,0.21,"GAS_DROP, TPS_DROP"
2026-01-22T15:20:00Z,1769095200,6298189,6777502,6.78,22,1000.0,0.07,0.22,"GAS_DROP, TPS_DROP"
2026-01-22T15:21:40Z,1769095300,6298289,6663273,6.66,21,1000.0,0.07,0.21,"GAS_DROP, TPS_DROP"
2026-01-22T15:23:20Z,1769095400,6298389,6662817,6.66,21,1000.0,0.07,0.21,"GAS_DROP, TPS_DROP"
2026-01-22T15:25:00Z,1769095500,6298489,7408900,7.41,26,1000.0,0.07,0.26,"GAS_DROP, TPS_DROP"
2026-01-22T15:26:40Z,1769095600,6298589,7013536,7.01,22,1000.0,0.07,0.22,"GAS_DROP, TPS_DROP"
2026-01-22T15:28:20Z,1769095700,6298689,7055356,7.06,25,1000.0,0.07,0.25,"GAS_DROP, TPS_DROP"
2026-01-22T15:30:00Z,1769095800,6298789,6662518,6.66,21,1000.0,0.07,0.21,"GAS_DROP, TPS_DROP"
2026-01-22T15:31:40Z,1769095900,6298889,6673771,6.67,21,1000.0,0.07,0.21,"GAS_DROP, TPS_DROP"
2026-01-22T15:33:20Z,1769096000,6298989,6662447,6.66,21,1000.0,0.07,0.21,"GAS_DROP, TPS_DROP"
2026-01-22T15:35:00Z,1769096100,6299089,6663537,6.66,21,1000.0,0.07,0.21,"GAS_DROP, TPS_DROP"
2026-01-22T15:36:40Z,1769096200,6299189,7533889,7.53,31,1000.0,0.08,0.31,"GAS_DROP, TPS_DROP"
2026-01-22T15:38:20Z,1769096300,6299289,6769434,6.77,22,1000.0,0.07,0.22,"GAS_DROP, TPS_DROP"
2026-01-22T15:40:00Z,1769096400,6299389,6664447,6.66,21,1000.0,0.07,0.21,"GAS_DROP, TPS_DROP"
2026-01-22T15:41:40Z,1769096500,6299489,6662162,6.66,21,1000.0,0.07,0.21,"GAS_DROP, TPS_DROP"
2026-01-22T15:43:20Z,1769096600,6299589,6662832,6.66,21,1000.0,0.07,0.21,"GAS_DROP, TPS_DROP"
2026-01-22T15:45:00Z,1769096700,6299689,6670083,6.67,21,1000.0,0.07,0.21,"GAS_DROP, TPS_DROP"
2026-01-22T15:46:40Z,1769096800,6299789,7147411,7.15,23,1000.0,0.07,0.23,"GAS_DROP, TPS_DROP"
2026-01-22T15:48:20Z,1769096900,6299889,6723064,6.72,22,1000.0,0.07,0.22,"GAS_DROP, TPS_DROP"
2026-01-22T15:50:00Z,1769097000,6299989,6722312,6.72,22,1000.0,0.07,0.22,"GAS_DROP, TPS_DROP"
2026-01-22T15:51:40Z,1769097100,6300089,6662559,6.66,21,1000.0,0.07,0.21,"GAS_DROP, TPS_DROP"
2026-01-22T15:53:20Z,1769097200,6300189,6662611,6.66,21,1000.0,0.07,0.21,"GAS_DROP, TPS_DROP"
2026-01-22T15:55:00Z,1769097300,6300289,6962853,6.96,23,1000.0,0.07,0.23,"GAS_DROP, TPS_DROP"
2026-01-22T15:56:40Z,1769097400,6300389,7628302,7.63,22,1000.0,0.08,0.22,"GAS_DROP, TPS_DROP"
2026-01-22T15:58:20Z,1769097500,6300489,6662513,6.66,21,1000.0,0.07,0.21,"GAS_DROP, TPS_DROP"
2026-01-22T16:00:00Z,1769097600,6300589,6855765,6.86,23,1000.0,0.07,0.23,"GAS_DROP, TPS_DROP"
2026-01-22T16:01:40Z,1769097700,6300689,6865111,6.87,22,1000.0,0.07,0.22,"GAS_DROP, TPS_DROP"
2026-01-22T16:03:20Z,1769097800,6300789,6760901,6.76,22,1000.0,0.07,0.22,"GAS_DROP, TPS_DROP"
2026-01-22T16:05:00Z,1769097900,6300889,7189709,7.19,25,1000.0,0.07,0.25,"GAS_DROP, TPS_DROP"
2026-01-22T16:06:40Z,1769098000,6300989,7055627,7.06,25,1000.0,0.07,0.25,"GAS_DROP, TPS_DROP"
2026-01-22T16:08:20Z,1769098100,6301089,6660978,6.66,21,1000.0,0.07,0.21,"GAS_DROP, TPS_DROP"
2026-01-22T17:26:40Z,1769102800,6305789,7999475,8.0,32,1000.0,0.08,0.32,"GAS_DROP, TPS_DROP"
2026-01-22T17:28:20Z,1769102900,6305889,8474455,8.47,36,1000.0,0.08,0.36,"GAS_DROP, TPS_DROP"
2026-01-22T17:30:00Z,1769103000,6305989,8935376,8.94,35,1000.0,0.09,0.35,"GAS_DROP, TPS_DROP"
2026-01-22T17:31:40Z,1769103100,6306089,7506541,7.51,29,1000.0,0.08,0.29,"GAS_DROP, TPS_DROP"
